DROP DATABASE IF EXISTS cakeday_db;
CREATE DATABASE cakeday_db DEFAULT CHARACTER SET utf8mb4 COLLATE utf8mb4_unicode_ci;
USE cakeday_db;

-- MySQL dump 10.13  Distrib 8.0.41, for Win64 (x86_64)
--
-- Host: localhost    Database: cakeday_db
-- ------------------------------------------------------
-- Server version	8.0.41

/*!40101 SET @OLD_CHARACTER_SET_CLIENT=@@CHARACTER_SET_CLIENT */;
/*!40101 SET @OLD_CHARACTER_SET_RESULTS=@@CHARACTER_SET_RESULTS */;
/*!40101 SET @OLD_COLLATION_CONNECTION=@@COLLATION_CONNECTION */;
/*!50503 SET NAMES utf8 */;
/*!40103 SET @OLD_TIME_ZONE=@@TIME_ZONE */;
/*!40103 SET TIME_ZONE='+00:00' */;
/*!40014 SET @OLD_UNIQUE_CHECKS=@@UNIQUE_CHECKS, UNIQUE_CHECKS=0 */;
/*!40014 SET @OLD_FOREIGN_KEY_CHECKS=@@FOREIGN_KEY_CHECKS, FOREIGN_KEY_CHECKS=0 */;
/*!40101 SET @OLD_SQL_MODE=@@SQL_MODE, SQL_MODE='NO_AUTO_VALUE_ON_ZERO' */;
/*!40111 SET @OLD_SQL_NOTES=@@SQL_NOTES, SQL_NOTES=0 */;

--
-- Table structure for table `cake`
--

DROP TABLE IF EXISTS `cake`;
/*!40101 SET @saved_cs_client     = @@character_set_client */;
/*!50503 SET character_set_client = utf8mb4 */;
CREATE TABLE `cake` (
  `cake_id` bigint NOT NULL AUTO_INCREMENT,
  `seller_id` int DEFAULT NULL,
  `cake_name` varchar(50) CHARACTER SET utf8mb4 COLLATE utf8mb4_unicode_ci NOT NULL,
  `description` text CHARACTER SET utf8mb4 COLLATE utf8mb4_unicode_ci,
  `cake_img` varchar(255) CHARACTER SET utf8mb4 COLLATE utf8mb4_unicode_ci DEFAULT NULL,
  `price` decimal(10,2) DEFAULT NULL,
  `created_at` datetime DEFAULT NULL,
  `updated_at` datetime DEFAULT NULL,
  `variant_id` int DEFAULT NULL,
  PRIMARY KEY (`cake_id`),
  KEY `fk_variant_id` (`variant_id`),
  CONSTRAINT `fk_variant_id` FOREIGN KEY (`variant_id`) REFERENCES `cake_variants` (`variant_id`)
) ENGINE=InnoDB AUTO_INCREMENT=182 DEFAULT CHARSET=utf8mb4 COLLATE=utf8mb4_unicode_ci;
/*!40101 SET character_set_client = @saved_cs_client */;

--
-- Dumping data for table `cake`
--

LOCK TABLES `cake` WRITE;
/*!40000 ALTER TABLE `cake` DISABLE KEYS */;
INSERT INTO `cake` VALUES (1,1,'도시락 초코 과일 케이크','초코 가득 담긴 과일 케이크. 맛도 비주얼도 완벽!','a6f6df32-0c61-4233-b48b-9727ac2167d7_1.jpg',24000.00,'2025-05-21 04:11:08','2025-05-21 04:11:08',51),(2,1,'도시락 초코 레터링 케이크','깔끔한 초코와 감각적인 레터링 조화로 특별한 하루를 선물하세요.','cb17e1fb-542b-494a-91de-ec0f85a0338b_2.jpg',22000.00,'2025-05-21 04:11:08','2025-05-21 04:11:08',52),(3,1,'도시락 초코 포토 케이크','깔끔한 초코와 감각적인 포토 조화로 특별한 하루를 선물하세요.','8f3b951b-bf23-4f79-9bc9-412338845060_3.jpg',26000.00,'2025-05-21 04:11:08','2025-05-21 04:11:08',53),(4,1,'도시락 초코 피규어 케이크','초코한 맛과 피규어의 감성이 어우러진 케이크입니다.','be0b8406-d8de-4be3-acea-d30a7cfbb703_4.jpg',23000.00,'2025-05-21 04:11:08','2025-05-21 04:11:08',54),(5,1,'도시락 초코 시즌 케이크','초코 가득 담긴 시즌 케이크. 맛도 비주얼도 완벽!','0f03ff54-03c5-4823-acd9-5966c79f620c_5.jpg',20000.00,'2025-05-21 04:11:08','2025-05-21 04:11:08',55),(6,1,'미니 초코 과일 케이크','초코와 과일의 조합. 특별한 날에 딱 어울리는 케이크예요!','04a482d1-8309-4400-b35d-b555c5177c14_6.jpg',27000.00,'2025-05-21 04:11:08','2025-05-21 04:11:08',56),(7,1,'미니 초코 레터링 케이크','초코 가득 담긴 레터링 케이크. 맛도 비주얼도 완벽!','727b0f17-8f2b-4065-b392-fc7a9b2937ac_7.jpg',29000.00,'2025-05-21 04:11:08','2025-05-21 04:11:08',57),(8,1,'미니 초코 피규어 케이크','초코 좋아하는 분들께 추천하는 피규어 케이크예요!','36625a40-0a80-46bb-a7cf-1ef5ebfc8b04_8.jpg',25000.00,'2025-05-21 04:11:08','2025-05-21 04:11:08',59),(9,1,'미니 초코 시즌 케이크','초코와 시즌의 조합. 특별한 날에 딱 어울리는 케이크예요!','6337537b-b132-4ef2-a064-7186dd13b101_9.jpg',30000.00,'2025-05-21 04:11:08','2025-05-21 04:11:08',60),(10,1,'1호 초코 과일 케이크','초코 가득 담긴 과일 케이크. 맛도 비주얼도 완벽!','c866ebf0-f287-4d14-b606-d690596c7c9d_10.jpg',30000.00,'2025-05-21 04:11:08','2025-05-21 04:11:08',61),(11,1,'1호 초코 레터링 케이크','초코와 레터링의 조합. 특별한 날에 딱 어울리는 케이크예요!','9bacd693-1978-41c9-84cd-829b06751576_11.jpg',29000.00,'2025-05-21 04:11:08','2025-05-21 04:11:08',62),(12,1,'1호 초코 포토 케이크','초코 좋아하는 분들께 추천하는 포토 케이크예요!','2f57205e-fd3b-4345-9f17-71a5b4c0b745_12.jpg',23000.00,'2025-05-21 04:11:08','2025-05-21 04:11:08',63),(13,1,'1호 초코 피규어 케이크','초코와 피규어의 조합. 특별한 날에 딱 어울리는 케이크예요!','55cfef1a-b62c-439f-88e9-fe3279c06720_13.jpg',23000.00,'2025-05-21 04:11:08','2025-05-21 04:11:08',64),(14,1,'1호 초코 시즌 케이크','초코 좋아하는 분들께 추천하는 시즌 케이크예요!','f1c3967e-18b1-46dd-9aff-a96bc03e4481_14.jpg',29000.00,'2025-05-21 04:11:08','2025-05-21 04:11:08',65),(15,1,'2호 초코 과일 케이크','초코 좋아하는 분들께 추천하는 과일 케이크예요!','e34f2c9b-df93-4ed5-9d7b-5f42b2a168f7_15.jpg',26000.00,'2025-05-21 04:11:08','2025-05-21 04:11:08',66),(16,1,'2호 초코 레터링 케이크','초코와 레터링의 조합. 특별한 날에 딱 어울리는 케이크예요!','64f2d92d-9b02-4d53-99a5-92f1b788abdc_16.jpg',28000.00,'2025-05-21 04:11:08','2025-05-21 04:11:08',67),(17,1,'2호 초코 피규어 케이크','초코한 맛과 피규어의 감성이 어우러진 케이크입니다.','b129e9e8-9d8e-4926-ae97-2458425f984a_17.jpg',25000.00,'2025-05-21 04:11:08','2025-05-21 04:11:08',69),(18,1,'2호 초코 시즌 케이크','초코 좋아하는 분들께 추천하는 시즌 케이크예요!','6ac635af-c308-41ba-b8b9-987e46e526e7_18.jpg',20000.00,'2025-05-21 04:11:08','2025-05-21 04:11:08',70),(19,1,'도시락 오레오 과일 케이크','오레오와 과일의 조합. 특별한 날에 딱 어울리는 케이크예요!','5a84fd16-1272-47e6-91eb-891fb40f980f_19.jpg',23000.00,'2025-05-21 04:11:08','2025-05-21 04:11:08',26),(20,1,'도시락 오레오 레터링 케이크','오레오한 맛과 레터링의 감성이 어우러진 케이크입니다.','8f0ca6de-3592-4656-8d7d-807f93e745f2_20.jpg',28000.00,'2025-05-21 04:11:08','2025-05-21 04:11:08',27),(21,1,'도시락 오레오 포토 케이크','깔끔한 오레오와 감각적인 포토 조화로 특별한 하루를 선물하세요.','d78476c8-2d2f-4b78-9124-b830ffbcca12_21.jpg',26000.00,'2025-05-21 04:11:08','2025-05-21 04:11:08',28),(22,1,'도시락 오레오 피규어 케이크','깔끔한 오레오와 감각적인 피규어 조화로 특별한 하루를 선물하세요.','d96e0ffd-3930-469d-b326-af19c45a1339_22.jpg',26000.00,'2025-05-21 04:11:08','2025-05-21 04:11:08',29),(23,1,'도시락 오레오 시즌 케이크','오레오 좋아하는 분들께 추천하는 시즌 케이크예요!','2d182cc0-3dee-4aa5-9038-d9f674279076_23.jpg',22000.00,'2025-05-21 04:11:08','2025-05-21 04:11:08',30),(24,1,'미니 오레오 과일 케이크','오레오와 과일의 조합. 특별한 날에 딱 어울리는 케이크예요!','10131d96-b834-4e0e-8b86-2a82cc832dd3_24.jpg',30000.00,'2025-05-21 04:11:08','2025-05-21 04:11:08',31),(25,1,'미니 오레오 레터링 케이크','오레오한 맛과 레터링의 감성이 어우러진 케이크입니다.','f43d377d-18bc-4f33-8587-6880315fdd72_25.jpg',23000.00,'2025-05-21 04:11:08','2025-05-21 04:11:08',32),(26,1,'미니 오레오 시즌 케이크','오레오 가득 담긴 시즌 케이크. 맛도 비주얼도 완벽!','c359239d-6183-41f6-ab97-e22016678be6_26.jpg',22000.00,'2025-05-21 04:11:08','2025-05-21 04:11:08',35),(27,1,'1호 오레오 과일 케이크','오레오 좋아하는 분들께 추천하는 과일 케이크예요!','2f12cd13-3ff9-4284-87c6-75cbe95afd97_27.jpg',25000.00,'2025-05-21 04:11:08','2025-05-21 04:11:08',36),(28,1,'1호 오레오 레터링 케이크','오레오 가득 담긴 레터링 케이크. 맛도 비주얼도 완벽!','dee7ba80-7da7-4bed-abe2-141233825799_28.jpg',24000.00,'2025-05-21 04:11:08','2025-05-21 04:11:08',37),(29,1,'1호 오레오 피규어 케이크','오레오 좋아하는 분들께 추천하는 피규어 케이크예요!','6ec1bbbb-a393-441d-8e13-32bd70b37610_29.jpg',22000.00,'2025-05-21 04:11:08','2025-05-21 04:11:08',39),(30,1,'1호 오레오 시즌 케이크','깔끔한 오레오와 감각적인 시즌 조화로 특별한 하루를 선물하세요.','e4704b0d-13d8-4951-9348-907b55b9a918_30.jpg',25000.00,'2025-05-21 04:11:08','2025-05-21 04:11:08',40),(31,1,'2호 오레오 과일 케이크','오레오와 과일의 조합. 특별한 날에 딱 어울리는 케이크예요!','013c9f3d-97a0-4e86-b6c2-4a1628d47529_31.jpg',30000.00,'2025-05-21 04:11:08','2025-05-21 04:11:08',41),(32,1,'2호 오레오 레터링 케이크','오레오 좋아하는 분들께 추천하는 레터링 케이크예요!','168b6cbd-2431-4513-81f3-542a82f8476b_32.jpg',22000.00,'2025-05-21 04:11:08','2025-05-21 04:11:08',42),(33,1,'2호 오레오 시즌 케이크','오레오와 시즌의 조합. 특별한 날에 딱 어울리는 케이크예요!','4f2dcb02-bb77-42e0-9547-5eb75baa18b2_33.jpg',30000.00,'2025-05-21 04:11:08','2025-05-21 04:11:08',45),(34,1,'도시락 생크림 과일 케이크','생크림 가득 담긴 과일 케이크. 맛도 비주얼도 완벽!','0226ed7b-2608-4d56-bd18-43f37b9e1533_34.jpg',20000.00,'2025-05-21 04:11:08','2025-05-21 04:11:08',51),(35,1,'도시락 생크림 레터링 케이크','진한 생크림와 부드러운 레터링의 만남? 소중한 사람과 함께 해보세요.','bca7a9c8-52cc-4983-b7dc-5ac5ee0c3363_35.jpg',28000.00,'2025-05-21 04:11:08','2025-05-21 04:11:08',52),(36,1,'도시락 생크림 포토 케이크','생크림와 포토의 조합. 특별한 날에 딱 어울리는 케이크예요!','07994440-b0f8-4dca-b792-d52d0d085844_36.jpg',25000.00,'2025-05-21 04:11:08','2025-05-21 04:11:08',53),(37,1,'도시락 생크림 피규어 케이크','생크림 좋아하는 분들께 추천하는 피규어 케이크예요!','40b5a9fb-0581-4a2e-bbef-40e7a2415995_37.jpg',21000.00,'2025-05-21 04:11:08','2025-05-21 04:11:08',54),(38,1,'도시락 생크림 시즌 케이크','깔끔한 생크림와 감각적인 시즌 조화로 특별한 하루를 선물하세요.','6bea2ddb-bc25-4d5b-982f-e3cf7a4ecae3_38.jpg',27000.00,'2025-05-21 04:11:08','2025-05-21 04:11:08',55),(39,1,'미니 생크림 과일 케이크','생크림한 맛과 과일의 감성이 어우러진 케이크입니다.','293bb7ba-7b09-4f87-b986-cc17fbde2800_39.jpg',29000.00,'2025-05-21 04:11:08','2025-05-21 04:11:08',56),(40,1,'미니 생크림 레터링 케이크','진한 생크림와 부드러운 레터링의 만남? 소중한 사람과 함께 해보세요.','d23901ed-498b-4304-919d-b283066835f1_40.jpg',21000.00,'2025-05-21 04:11:08','2025-05-21 04:11:08',57),(41,1,'미니 생크림 포토 케이크','진한 생크림와 부드러운 포토의 만남? 소중한 사람과 함께 해보세요.','e2b52b76-0845-4d41-9eb3-a6eb5851d0a4_41.jpg',26000.00,'2025-05-21 04:11:08','2025-05-21 04:11:08',58),(42,1,'미니 생크림 피규어 케이크','깔끔한 생크림와 감각적인 피규어 조화로 특별한 하루를 선물하세요.','20dfd311-56f4-4d14-b199-f5c7f96135f6_42.jpg',24000.00,'2025-05-21 04:11:08','2025-05-21 04:11:08',59),(43,1,'미니 생크림 시즌 케이크','생크림와 시즌의 조합. 특별한 날에 딱 어울리는 케이크예요!','388cf160-b425-4dbf-b51d-f32eb2f7cf96_43.jpg',22000.00,'2025-05-21 04:11:08','2025-05-21 04:11:08',60),(44,1,'1호 생크림 과일 케이크','생크림한 맛과 과일의 감성이 어우러진 케이크입니다.','21ee0efb-01bc-4f5f-85a1-4210544dca06_44.jpg',21000.00,'2025-05-21 04:11:08','2025-05-21 04:11:08',61),(45,1,'1호 생크림 레터링 케이크','생크림 좋아하는 분들께 추천하는 레터링 케이크예요!','e776a866-a438-4de0-b0a3-1d78472c57a0_45.jpg',30000.00,'2025-05-21 04:11:08','2025-05-21 04:11:08',62),(46,1,'초코 생크림 포토 케이크','초코 시트에 생크림을 사용한 포토 케이크입니다. 1호 사이즈로 제작되며, 기념일이나 특별한 날에 잘 어울려요!','10f883c5-6e14-4966-aa55-1460bc7275c2_46.jpg',22000.00,'2025-05-21 04:11:08','2025-05-21 04:11:08',63),(47,1,'초코 생크림 피규어 케이크','초코 시트에 생크림을 사용한 피규어 케이크입니다. 1호 사이즈로 제작되며, 기념일이나 특별한 날에 잘 어울려요!','660feedf-44f5-4f83-a2d7-15dff1909cfa_47.jpg',29500.00,'2025-05-21 04:11:08','2025-05-21 04:11:08',64),(48,1,'초코 생크림 시즌 케이크','초코 시트에 생크림을 사용한 시즌 케이크입니다. 1호 사이즈로 제작되며, 기념일이나 특별한 날에 잘 어울려요!','dd388300-71e5-419b-8e36-6940ac9d816c_48.jpg',20000.00,'2025-05-21 04:11:08','2025-05-21 04:11:08',65),(49,1,'초코 생크림 과일 케이크','초코 시트에 생크림을 사용한 과일 케이크입니다. 2호 사이즈로 제작되며, 기념일이나 특별한 날에 잘 어울려요!','1f2245e8-2276-43b8-9bf4-3252eed70e34_49.jpg',22000.00,'2025-05-21 04:11:08','2025-05-21 04:11:08',66),(50,1,'초코 생크림 레터링 케이크','초코 시트에 생크림을 사용한 레터링 케이크입니다. 2호 사이즈로 제작되며, 기념일이나 특별한 날에 잘 어울려요!','3560c649-a298-4813-ad34-36f041e2d9fe_50.jpg',28500.00,'2025-05-21 04:11:08','2025-05-21 04:11:08',67),(51,1,'초코 생크림 포토 케이크','초코 시트에 생크림을 사용한 포토 케이크입니다. 2호 사이즈로 제작되며, 기념일이나 특별한 날에 잘 어울려요!','dcb349a2-76f6-4463-98d1-8ae599ec55a8_51.jpg',26000.00,'2025-05-21 04:11:08','2025-05-21 04:11:08',68),(52,1,'초코 생크림 피규어 케이크','초코 시트에 생크림을 사용한 피규어 케이크입니다. 2호 사이즈로 제작되며, 기념일이나 특별한 날에 잘 어울려요!','40da0756-0097-4ade-9b8d-e7b3be4fa7a7_52.jpg',25500.00,'2025-05-21 04:11:08','2025-05-21 04:11:08',69),(53,1,'초코 생크림 시즌 케이크','초코 시트에 생크림을 사용한 시즌 케이크입니다. 2호 사이즈로 제작되며, 기념일이나 특별한 날에 잘 어울려요!','7f816b55-a8c4-4c03-9da9-cdad58db3be7_53.jpg',22000.00,'2025-05-21 04:11:08','2025-05-21 04:11:08',70),(54,1,'초코 생크림 과일 케이크','초코 시트에 생크림을 사용한 과일 케이크입니다. 3호 사이즈로 제작되며, 기념일이나 특별한 날에 잘 어울려요!','d068b0b0-9b3f-400e-82a4-1537c398e17d_54.jpg',24000.00,'2025-05-21 04:11:08','2025-05-21 04:11:08',66),(55,1,'초코 생크림 포토 케이크','초코 시트에 생크림을 사용한 포토 케이크입니다. 3호 사이즈로 제작되며, 기념일이나 특별한 날에 잘 어울려요!','d0c61709-7192-48e5-87b7-929a5a837262_55.jpg',29000.00,'2025-05-21 04:11:08','2025-05-21 04:11:08',68),(56,1,'초코 생크림 피규어 케이크','초코 시트에 생크림을 사용한 피규어 케이크입니다. 3호 사이즈로 제작되며, 기념일이나 특별한 날에 잘 어울려요!','c876b528-3bef-4e83-9464-4925b4e527a3_56.jpg',23000.00,'2025-05-21 04:11:08','2025-05-21 04:11:08',69),(57,1,'초코 딸기생크림 과일 케이크','초코 시트에 딸기생크림을 사용한 과일 케이크입니다. 도시락 사이즈로 제작되며, 기념일이나 특별한 날에 잘 어울려요!','37d95ffb-9840-4626-8517-9a7f1a1ec093_57.jpg',27000.00,'2025-05-21 04:11:08','2025-05-21 04:11:08',76),(58,1,'초코 딸기생크림 레터링 케이크','초코 시트에 딸기생크림을 사용한 레터링 케이크입니다. 도시락 사이즈로 제작되며, 기념일이나 특별한 날에 잘 어울려요!','74390fb8-7ff8-4802-a56e-92fec504627a_58.jpg',27000.00,'2025-05-21 04:11:08','2025-05-21 04:11:08',77),(59,1,'초코 딸기생크림 포토 케이크','초코 시트에 딸기생크림을 사용한 포토 케이크입니다. 도시락 사이즈로 제작되며, 기념일이나 특별한 날에 잘 어울려요!','c37fdb69-d23f-42e1-85cb-2fcbfb87dbde_59.jpg',30000.00,'2025-05-21 04:11:08','2025-05-21 04:11:08',78),(60,1,'초코 딸기생크림 과일 케이크','초코 시트에 딸기생크림을 사용한 과일 케이크입니다. 미니 사이즈로 제작되며, 기념일이나 특별한 날에 잘 어울려요!','995672b0-80e4-4fcc-8267-81428891e451_60.jpg',22000.00,'2025-05-21 04:11:08','2025-05-21 04:11:08',81),(61,1,'초코 딸기생크림 레터링 케이크','초코 시트에 딸기생크림을 사용한 레터링 케이크입니다. 미니 사이즈로 제작되며, 기념일이나 특별한 날에 잘 어울려요!','302162e1-e195-40ff-b3ec-5ef1e7452236_61.jpg',20000.00,'2025-05-21 04:11:08','2025-05-21 04:11:08',82),(62,1,'초코 딸기생크림 포토 케이크','초코 시트에 딸기생크림을 사용한 포토 케이크입니다. 미니 사이즈로 제작되며, 기념일이나 특별한 날에 잘 어울려요!','726c5a3f-aa3b-4766-99b5-334cee6b9f1e_62.jpg',26000.00,'2025-05-21 04:11:08','2025-05-21 04:11:08',83),(63,1,'초코 딸기생크림 피규어 케이크','초코 시트에 딸기생크림을 사용한 피규어 케이크입니다. 미니 사이즈로 제작되며, 기념일이나 특별한 날에 잘 어울려요!','c8579a66-cb2c-44ec-8cf6-b8ebbf7a0592_63.jpg',25500.00,'2025-05-21 04:11:08','2025-05-21 04:11:08',84),(64,1,'초코 딸기생크림 과일 케이크','초코 시트에 딸기생크림을 사용한 과일 케이크입니다. 1호 사이즈로 제작되며, 기념일이나 특별한 날에 잘 어울려요!','4517255b-7113-4759-8385-2f5950d023db_64.jpg',20000.00,'2025-05-21 04:11:08','2025-05-21 04:11:08',86),(65,1,'초코 딸기생크림 레터링 케이크','초코 시트에 딸기생크림을 사용한 레터링 케이크입니다. 1호 사이즈로 제작되며, 기념일이나 특별한 날에 잘 어울려요!','5ffa5885-73cd-4aec-a2a8-f4747a7b4168_65.jpg',26000.00,'2025-05-21 04:11:08','2025-05-21 04:11:08',87),(66,1,'초코 딸기생크림 포토 케이크','초코 시트에 딸기생크림을 사용한 포토 케이크입니다. 1호 사이즈로 제작되며, 기념일이나 특별한 날에 잘 어울려요!','2bae0c3e-e549-447c-a00f-098087b7ebd0_66.jpg',23500.00,'2025-05-21 04:11:08','2025-05-21 04:11:08',88),(67,1,'초코 딸기생크림 피규어 케이크','초코 시트에 딸기생크림을 사용한 피규어 케이크입니다. 1호 사이즈로 제작되며, 기념일이나 특별한 날에 잘 어울려요!','cc97c78e-e4e7-4c0b-868f-1ec77424b1ee_67.jpg',27500.00,'2025-05-21 04:11:08','2025-05-21 04:11:08',89),(68,1,'초코 딸기생크림 시즌 케이크','초코 시트에 딸기생크림을 사용한 시즌 케이크입니다. 1호 사이즈로 제작되며, 기념일이나 특별한 날에 잘 어울려요!','cb23b6da-d65c-4422-bda2-e039613fcfa6_68.jpg',22000.00,'2025-05-21 04:11:08','2025-05-21 04:11:08',90),(69,1,'초코 딸기생크림 과일 케이크','초코 시트에 딸기생크림을 사용한 과일 케이크입니다. 2호 사이즈로 제작되며, 기념일이나 특별한 날에 잘 어울려요!','aa54fb33-4920-4328-9e6f-b731646e9b3a_69.jpg',21000.00,'2025-05-21 04:11:08','2025-05-21 04:11:08',91),(70,1,'초코 딸기생크림 레터링 케이크','초코 시트에 딸기생크림을 사용한 레터링 케이크입니다. 2호 사이즈로 제작되며, 기념일이나 특별한 날에 잘 어울려요!','95089352-ceb9-4780-9653-248c642f3a26_70.jpg',24000.00,'2025-05-21 04:11:08','2025-05-21 04:11:08',92),(71,1,'초코 딸기생크림 피규어 케이크','초코 시트에 딸기생크림을 사용한 피규어 케이크입니다. 2호 사이즈로 제작되며, 기념일이나 특별한 날에 잘 어울려요!','a5834961-d0cc-416c-bb19-1f8ad42f5552_71.jpg',22500.00,'2025-05-21 04:11:08','2025-05-21 04:11:08',94),(72,1,'초코 딸기생크림 시즌 케이크','초코 시트에 딸기생크림을 사용한 시즌 케이크입니다. 2호 사이즈로 제작되며, 기념일이나 특별한 날에 잘 어울려요!','f191d197-dca4-4bd0-b23b-998346d86c58_72.jpg',28500.00,'2025-05-21 04:11:08','2025-05-21 04:11:08',95),(73,1,'초코 딸기생크림 레터링 케이크','초코 시트에 딸기생크림을 사용한 레터링 케이크입니다. 3호 사이즈로 제작되며, 기념일이나 특별한 날에 잘 어울려요!','dd24281a-353c-47b9-a899-52b778291aa2_73.jpg',23000.00,'2025-05-21 04:11:08','2025-05-21 04:11:08',92),(74,1,'초코 딸기생크림 포토 케이크','초코 시트에 딸기생크림을 사용한 포토 케이크입니다. 3호 사이즈로 제작되며, 기념일이나 특별한 날에 잘 어울려요!','8f0b782f-41a8-4234-9966-b1e8631aa2da_74.jpg',23000.00,'2025-05-21 04:11:08','2025-05-21 04:11:08',93),(75,1,'초코 딸기생크림 피규어 케이크','초코 시트에 딸기생크림을 사용한 피규어 케이크입니다. 3호 사이즈로 제작되며, 기념일이나 특별한 날에 잘 어울려요!','4349b8ca-ae09-4b64-acc0-56b526ae0d00_75.jpg',29500.00,'2025-05-21 04:11:08','2025-05-21 04:11:08',94),(76,1,'초코 크림치즈 레터링 케이크','초코 시트에 크림치즈을 사용한 레터링 케이크입니다. 도시락 사이즈로 제작되며, 기념일이나 특별한 날에 잘 어울려요!','786b4c9c-5dc9-4c84-93ab-45149af66f70_76.jpg',21000.00,'2025-05-21 04:11:08','2025-05-21 04:11:08',102),(77,1,'초코 크림치즈 포토 케이크','초코 시트에 크림치즈을 사용한 포토 케이크입니다. 도시락 사이즈로 제작되며, 기념일이나 특별한 날에 잘 어울려요!','5858fea5-ceef-4cc8-8a14-7325965e6ff7_77.jpg',28000.00,'2025-05-21 04:11:08','2025-05-21 04:11:08',103),(78,1,'초코 크림치즈 시즌 케이크','초코 시트에 크림치즈을 사용한 시즌 케이크입니다. 도시락 사이즈로 제작되며, 기념일이나 특별한 날에 잘 어울려요!','b9e5757f-3583-43b1-898f-88755cd36e01_78.jpg',29000.00,'2025-05-21 04:11:08','2025-05-21 04:11:08',105),(79,1,'초코 크림치즈 레터링 케이크','초코 시트에 크림치즈을 사용한 레터링 케이크입니다. 미니 사이즈로 제작되며, 기념일이나 특별한 날에 잘 어울려요!','f2004792-6f4b-46a7-8a2d-61a2cc2e78a1_79.jpg',23500.00,'2025-05-21 04:11:08','2025-05-21 04:11:08',107),(80,1,'초코 크림치즈 포토 케이크','초코 시트에 크림치즈을 사용한 포토 케이크입니다. 미니 사이즈로 제작되며, 기념일이나 특별한 날에 잘 어울려요!','86cd6c16-3dca-4042-b12f-69d220e85681_80.jpg',26000.00,'2025-05-21 04:11:08','2025-05-21 04:11:08',108),(81,1,'초코 크림치즈 피규어 케이크','초코 시트에 크림치즈을 사용한 피규어 케이크입니다. 미니 사이즈로 제작되며, 기념일이나 특별한 날에 잘 어울려요!','0b0d990b-b4fd-472e-9871-474cc627d491_81.jpg',21000.00,'2025-05-21 04:11:08','2025-05-21 04:11:08',109),(82,1,'초코 크림치즈 시즌 케이크','초코 시트에 크림치즈을 사용한 시즌 케이크입니다. 미니 사이즈로 제작되며, 기념일이나 특별한 날에 잘 어울려요!','0431cd03-9e15-4bca-a551-3b987551da15_82.jpg',21000.00,'2025-05-21 04:11:08','2025-05-21 04:11:08',110),(83,1,'초코 크림치즈 레터링 케이크','초코 시트에 크림치즈을 사용한 레터링 케이크입니다. 1호 사이즈로 제작되며, 기념일이나 특별한 날에 잘 어울려요!','17e3fc39-cdac-4485-8aab-0f86d8f11294_83.jpg',21000.00,'2025-05-21 04:11:08','2025-05-21 04:11:08',112),(84,1,'초코 크림치즈 포토 케이크','초코 시트에 크림치즈을 사용한 포토 케이크입니다. 1호 사이즈로 제작되며, 기념일이나 특별한 날에 잘 어울려요!','25122bdc-f1dd-47d1-9b7c-6b7effd40d98_84.jpg',23500.00,'2025-05-21 04:11:08','2025-05-21 04:11:08',113),(85,1,'초코 크림치즈 피규어 케이크','초코 시트에 크림치즈을 사용한 피규어 케이크입니다. 1호 사이즈로 제작되며, 기념일이나 특별한 날에 잘 어울려요!','e23ecad3-6545-4d1f-b408-35a52ba4910a_85.jpg',23000.00,'2025-05-21 04:11:08','2025-05-21 04:11:08',114),(86,1,'초코 크림치즈 시즌 케이크','초코 시트에 크림치즈을 사용한 시즌 케이크입니다. 1호 사이즈로 제작되며, 기념일이나 특별한 날에 잘 어울려요!','9f4bcaca-64c7-4362-925d-e53d98f00692_86.jpg',26000.00,'2025-05-21 04:11:08','2025-05-21 04:11:08',115),(87,1,'초코 크림치즈 레터링 케이크','초코 시트에 크림치즈을 사용한 레터링 케이크입니다. 2호 사이즈로 제작되며, 기념일이나 특별한 날에 잘 어울려요!','6a9728d3-ad7f-4a0b-b435-b794d827e8c5_87.jpg',24500.00,'2025-05-21 04:11:08','2025-05-21 04:11:08',117),(88,1,'초코 크림치즈 포토 케이크','초코 시트에 크림치즈을 사용한 포토 케이크입니다. 2호 사이즈로 제작되며, 기념일이나 특별한 날에 잘 어울려요!','4f6d14a6-36e7-4c05-8d9e-63d77f1f291a_88.jpg',23500.00,'2025-05-21 04:11:08','2025-05-21 04:11:08',118),(89,1,'초코 크림치즈 피규어 케이크','초코 시트에 크림치즈을 사용한 피규어 케이크입니다. 2호 사이즈로 제작되며, 기념일이나 특별한 날에 잘 어울려요!','00a2b112-d307-430d-8c35-eadd58836ef8_89.jpg',23500.00,'2025-05-21 04:11:08','2025-05-21 04:11:08',119),(90,1,'초코 크림치즈 시즌 케이크','초코 시트에 크림치즈을 사용한 시즌 케이크입니다. 2호 사이즈로 제작되며, 기념일이나 특별한 날에 잘 어울려요!','00774225-bd6e-4efa-a456-752a547c9df4_90.jpg',20000.00,'2025-05-21 04:11:08','2025-05-21 04:11:08',120),(91,1,'초코 크림치즈 레터링 케이크','초코 시트에 크림치즈을 사용한 레터링 케이크입니다. 3호 사이즈로 제작되며, 기념일이나 특별한 날에 잘 어울려요!','38247d0e-089d-4fcd-a7b9-09e5c23dec8f_91.jpg',21000.00,'2025-05-21 04:11:08','2025-05-21 04:11:08',117),(92,1,'초코 크림치즈 피규어 케이크','초코 시트에 크림치즈을 사용한 피규어 케이크입니다. 3호 사이즈로 제작되며, 기념일이나 특별한 날에 잘 어울려요!','b1d0fe77-aae3-401e-acf9-05ba2ba22839_92.jpg',26000.00,'2025-05-21 04:11:08','2025-05-21 04:11:08',119),(93,1,'도시락 바닐라 과일 케이크','바닐라와 과일의 조합. 특별한 날에 딱 어울리는 케이크예요!','93bb30c8-7fac-4ef6-a90e-13db0e67c0f0_93.jpg',27000.00,'2025-05-21 04:11:08','2025-05-21 04:11:08',151),(94,1,'도시락 바닐라 레터링 케이크','바닐라와 감각적인 레터링 조화로 특별한 하루를 선물하세요.','864393f6-e49f-4ed1-996b-17d48bfbbc5f_94.jpg',29000.00,'2025-05-21 04:11:08','2025-05-21 04:11:08',177),(95,1,'도시락 바닐라 포토 케이크','바닐라와 감각적인 포토 조화로 특별한 하루를 선물하세요.','f57298f2-6192-404b-a01f-bf8d8b40751f_95.jpg',26000.00,'2025-05-21 04:11:08','2025-05-21 04:11:08',178),(96,1,'도시락 바닐라 피규어 케이크','바닐라 맛과 피규어의 감성이 어우러진 케이크입니다.','88557012-7690-4112-bc65-effc44f0c825_96.jpg',25000.00,'2025-05-21 04:11:08','2025-05-21 04:11:08',179),(97,1,'도시락 바닐라 어버이날 케이크','바닐라 가득 담긴 어버이날 케이크. 맛도 비주얼도 완벽!','f228e059-7845-4bd8-93c8-ee98546063d0_97.jpg',20000.00,'2025-05-21 04:11:08','2025-05-21 04:11:08',180),(98,1,'미니 바닐라 과일 케이크','바닐라와 과일의 조합. 특별한 날에 딱 어울리는 케이크예요!','667f77a1-c5f5-4f14-b458-4c7c2952a432_98.jpg',27000.00,'2025-05-21 04:11:08','2025-05-21 04:11:08',181),(99,1,'미니 바닐라 레터링 케이크','바닐라 가득 담긴 레터링 케이크. 맛도 비주얼도 완벽!','ffe5b375-5f31-4aae-bf20-009baeab5c01_99.jpg',29000.00,'2025-05-21 04:11:08','2025-05-21 04:11:08',182),(100,1,'미니 바닐라 포토 케이크','좋아하는 분들께 추천하는 포토 케이크예요!','b7e02d06-a75c-48fd-89ac-8243adad445e_100.jpg',25000.00,'2025-05-21 04:11:08','2025-05-21 04:11:08',183),(101,1,'미니 바닐라 피규어 케이크','바닐라와 피규어의 조합. 특별한 날에 딱 어울리는 케이크예요!','7335b22f-b637-4a68-be5f-258b43364a7f_101.jpg',23000.00,'2025-05-21 04:11:08','2025-05-21 04:11:08',184),(102,1,'미니 바닐라 어버이날 케이크','바닐라와 어버이날의 조합. 특별한 날에 딱 어울리는 케이크예요!','26225591-775e-451b-a1a9-67d2e2f48517_102.jpg',30000.00,'2025-05-21 04:11:08','2025-05-21 04:11:08',185),(103,1,'1호 바닐라 과일 케이크','바닐라 가득 담긴 과일 케이크. 맛도 비주얼도 완벽!','1cff9288-d54a-4e6a-91cb-6c8657a902ef_103.jpg',30000.00,'2025-05-21 04:11:08','2025-05-21 04:11:08',186),(104,1,'1호 바닐라 레터링 케이크','바닐라와 레터링의 조합. 특별한 날에 딱 어울리는 케이크예요!','9d27e9fa-e919-48e3-901e-9e0290784323_104.jpg',29000.00,'2025-05-21 04:11:08','2025-05-21 04:11:08',187),(105,1,'1호 바닐라 포토 케이크','좋아하는 분들께 추천하는 포토 케이크예요!','6e801e8e-b2e7-45a7-9c11-dca5b31cecba_105.jpg',23000.00,'2025-05-21 04:11:08','2025-05-21 04:11:08',188),(106,1,'1호 바닐라 피규어 케이크','바닐라와 피규어의 조합. 특별한 날에 딱 어울리는 케이크예요!','915bb00d-d51a-445e-baf5-173ef709b880_106.jpg',23000.00,'2025-05-21 04:11:08','2025-05-21 04:11:08',189),(107,1,'1호 바닐라 어버이날 케이크','좋아하는 분들께 추천하는 어버이날 케이크예요!','453ccef2-3542-48db-8d77-d07df6787251_107.jpg',29000.00,'2025-05-21 04:11:08','2025-05-21 04:11:08',190),(108,1,'2호 바닐라 과일 케이크','바닐라 가득 담긴 과일 케이크. 맛도 비주얼도 완벽!','4f8a7800-0184-4e45-8dcc-1ac7c5d459e2_108.jpg',26000.00,'2025-05-21 04:11:08','2025-05-21 04:11:08',191),(109,1,'2호 바닐라 레터링 케이크','바닐라와 레터링의 조합. 특별한 날에 딱 어울리는 케이크예요!','6ce15aea-3d9b-4da0-bb87-8d11ab9d779b_109.jpg',28000.00,'2025-05-21 04:11:08','2025-05-21 04:11:08',192),(110,1,'2호 바닐라 포토 케이크','바닐라와 포토의 감성이 어우러진 케이크입니다.','e4e64666-6b32-46d9-ab5e-05f62441e144_110.jpg',25000.00,'2025-05-21 04:11:08','2025-05-21 04:11:08',193),(111,1,'2호 바닐라 피규어 케이크','좋아하는 분들께 추천하는 피규어 케이크예요!','637e9378-94a5-4300-8261-b84e9094c17a_111.jpg',27000.00,'2025-05-21 04:11:08','2025-05-21 04:11:08',194),(112,1,'2호 바닐라 어버이날 케이크','좋아하는 분들께 추천하는 어버이날 케이크예요!','39483c71-621d-4cb9-9177-de147d730d95_112.jpg',23000.00,'2025-05-21 04:11:08','2025-05-21 04:11:08',195),(113,1,'3호 바닐라 과일 케이크','과일과 바닐라의 조합. 특별한 날에 딱 어울리는 케이크예요!','00371fe4-1c07-42e1-9e9d-9e77455ead7a_113.jpg',23000.00,'2025-05-21 04:11:08','2025-05-21 04:11:08',196),(114,1,'3호 바닐라 레터링 케이크','깔끔한 바닐라와 감각적인 레터링 조화로 특별한 하루를 선물하세요.','af558fac-02d0-449f-b819-e605db8c8e21_114.jpg',24000.00,'2025-05-21 04:11:08','2025-05-21 04:11:08',197),(115,1,'3호 바닐라 포토 케이크','깔끔한 바닐라와 감각적인 포토 조화로 특별한 하루를 선물하세요.','8d9277a6-057a-4941-961c-05fb5fcf2b0e_115.jpg',26000.00,'2025-05-21 04:11:08','2025-05-21 04:11:08',198),(116,1,'3호 바닐라 피규어 케이크','바닐라와 피규어의 감성이 어우러진 케이크입니다.','b4f03542-0bf2-4910-8ec5-e544885a0747_116.jpg',25000.00,'2025-05-21 04:11:08','2025-05-21 04:11:08',199),(117,1,'3호 바닐라 어버이날 케이크','바닐라 좋아하는 분들께 추천하는 어버이날 케이크예요!','23397cc9-a170-43b6-8d53-b6866dc7a528_117.jpg',20000.00,'2025-05-21 04:11:08','2025-05-21 04:11:08',200),(118,1,'바닐라 생크림 1호 레터링 케이크','1호 사이즈의 바닐라 시트에 생크림 필링을 더한 레터링 케이크입니다.','f2eac63a-606e-4d5d-a63e-5841109c7c64_118.jpg',29000.00,'2025-05-21 04:11:08','2025-05-21 04:11:08',187),(119,1,'바닐라 생크림 1호 포토 케이크','1호 사이즈의 바닐라 시트에 생크림 필링을 더한 포토 케이크입니다.','7130f98b-2889-4d95-8aa7-45d554ddf79a_119.jpg',29000.00,'2025-05-21 04:11:08','2025-05-21 04:11:08',188),(120,1,'바닐라 생크림 1호 피규어 케이크','1호 사이즈의 바닐라 시트에 생크림 필링을 더한 피규어 케이크입니다.','e9f4cc0b-a859-4b59-bf66-e3a4259f54a1_120.jpg',21000.00,'2025-05-21 04:11:08','2025-05-21 04:11:08',189),(121,1,'바닐라 생크림 1호 시즌 케이크','1호 사이즈의 바닐라 시트에 생크림 필링을 더한 시즌 케이크입니다.','f7810b0f-a00e-4b05-9f37-6d56793c64f5_121.jpg',25000.00,'2025-05-21 04:11:08','2025-05-21 04:11:08',190),(122,1,'바닐라 생크림 2호 과일 케이크','2호 사이즈의 바닐라 시트에 생크림 필링을 더한 과일 케이크입니다.','710d8e4a-bf04-4d09-ae0e-4a54c7f7267a_122.jpg',23000.00,'2025-05-21 04:11:08','2025-05-21 04:11:08',191),(123,1,'바닐라 생크림 2호 레터링 케이크','2호 사이즈의 바닐라 시트에 생크림 필링을 더한 레터링 케이크입니다.','70281fc0-5287-44ab-95c2-3c435753b422_123.jpg',28000.00,'2025-05-21 04:11:08','2025-05-21 04:11:08',192),(124,1,'바닐라 생크림 2호 포토 케이크','2호 사이즈의 바닐라 시트에 생크림 필링을 더한 포토 케이크입니다.','5a726e6d-c1b5-4ea2-b063-b8e915ef782c_124.jpg',25000.00,'2025-05-21 04:11:08','2025-05-21 04:11:08',193),(125,1,'바닐라 생크림 2호 피규어 케이크','2호 사이즈의 바닐라 시트에 생크림 필링을 더한 피규어 케이크입니다.','2b8779cc-9d20-466b-88d5-9749157d715b_125.jpg',30000.00,'2025-05-21 04:11:08','2025-05-21 04:11:08',194),(126,1,'바닐라 생크림 2호 시즌 케이크','2호 사이즈의 바닐라 시트에 생크림 필링을 더한 시즌 케이크입니다.','21448a38-69c4-4fdb-bcd7-ecd1e8ad332f_126.jpg',26000.00,'2025-05-21 04:11:08','2025-05-21 04:11:08',195),(127,1,'바닐라 생크림 3호 과일 케이크','3호 사이즈의 바닐라 시트에 생크림 필링을 더한 과일 케이크입니다.','5ef82398-8747-45ea-a5fc-d2c44e2a5a59_127.jpg',22000.00,'2025-05-21 04:11:08','2025-05-21 04:11:08',196),(128,1,'바닐라 생크림 3호 레터링 케이크','3호 사이즈의 바닐라 시트에 생크림 필링을 더한 레터링 케이크입니다.','dd174939-557e-4c1c-8639-12079457bcf1_128.jpg',26000.00,'2025-05-21 04:11:08','2025-05-21 04:11:08',197),(129,1,'바닐라 생크림 3호 포토 케이크','3호 사이즈의 바닐라 시트에 생크림 필링을 더한 포토 케이크입니다.','8709f311-77ff-42d2-966e-ae99292edcf1_129.jpg',25000.00,'2025-05-21 04:11:08','2025-05-21 04:11:08',198),(130,1,'바닐라 생크림 3호 피규어 케이크','3호 사이즈의 바닐라 시트에 생크림 필링을 더한 피규어 케이크입니다.','d248bac5-a59a-4a87-85f5-f0eb6321e64e_130.jpg',23000.00,'2025-05-21 04:11:08','2025-05-21 04:11:08',199),(131,1,'바닐라 생크림 3호 시즌 케이크','3호 사이즈의 바닐라 시트에 생크림 필링을 더한 시즌 케이크입니다.','183e19ba-e7b4-4dd2-a6fa-c18314c09127_131.jpg',29000.00,'2025-05-21 04:11:08','2025-05-21 04:11:08',200),(132,1,'바닐라 딸기생크림 도시락 과일 케이크','도시락 사이즈의 바닐라 시트에 딸기생크림 필링을 더한 과일 케이크입니다.','2122596e-2162-4c58-ab2a-1510d6dbc4f8_132.jpg',22000.00,'2025-05-21 04:11:08','2025-05-21 04:11:08',201),(133,1,'바닐라 딸기생크림 도시락 레터링 케이크','도시락 사이즈의 바닐라 시트에 딸기생크림 필링을 더한 레터링 케이크입니다.','6b395a6a-e5e1-4876-a937-13810ad35782_133.jpg',21000.00,'2025-05-21 04:11:08','2025-05-21 04:11:08',202),(134,1,'바닐라 딸기생크림 도시락 포토 케이크','도시락 사이즈의 바닐라 시트에 딸기생크림 필링을 더한 포토 케이크입니다.','b277dae3-2882-4f6d-90b6-595e84fe8e0b_134.jpg',27000.00,'2025-05-21 04:11:08','2025-05-21 04:11:08',203),(135,1,'바닐라 딸기생크림 도시락 피규어 케이크','도시락 사이즈의 바닐라 시트에 딸기생크림 필링을 더한 피규어 케이크입니다.','fa1931b5-9e64-4170-9e09-06cd669b3a13_135.jpg',24000.00,'2025-05-21 04:11:08','2025-05-21 04:11:08',204),(136,1,'바닐라 딸기생크림 도시락 시즌 케이크','도시락 사이즈의 바닐라 시트에 딸기생크림 필링을 더한 시즌 케이크입니다.','d86f9c81-fbdf-469e-99f1-27afb7c88cba_136.jpg',23000.00,'2025-05-21 04:11:08','2025-05-21 04:11:08',205),(137,1,'바닐라 딸기생크림 미니 과일 케이크','미니 사이즈의 바닐라 시트에 딸기생크림 필링을 더한 과일 케이크입니다.','9c569dc9-3f82-44f5-9f0b-e26c10989005_137.jpg',20000.00,'2025-05-21 04:11:08','2025-05-21 04:11:08',206),(138,1,'바닐라 딸기생크림 미니 레터링 케이크','미니 사이즈의 바닐라 시트에 딸기생크림 필링을 더한 레터링 케이크입니다.','d231bea0-f7ee-4d67-8440-7c66ce9fc25a_138.jpg',22000.00,'2025-05-21 04:11:08','2025-05-21 04:11:08',207),(139,1,'바닐라 딸기생크림 미니 포토 케이크','미니 사이즈의 바닐라 시트에 딸기생크림 필링을 더한 포토 케이크입니다.','b2952cb8-212e-4eaa-b168-dc576a59c454_139.jpg',29000.00,'2025-05-21 04:11:08','2025-05-21 04:11:08',208),(140,1,'바닐라 딸기생크림 미니 피규어 케이크','미니 사이즈의 바닐라 시트에 딸기생크림 필링을 더한 피규어 케이크입니다.','e3af6a1c-4ff0-40f8-b807-ba9d54a8d83f_140.jpg',28000.00,'2025-05-21 04:11:08','2025-05-21 04:11:08',209),(141,1,'바닐라 딸기생크림 미니 시즌 케이크','미니 사이즈의 바닐라 시트에 딸기생크림 필링을 더한 시즌 케이크입니다.','ea2204ed-4dee-40ab-a7ba-48e1d2627e22_141.jpg',23000.00,'2025-05-21 04:11:08','2025-05-21 04:11:08',210),(142,1,'바닐라 딸기생크림 1호 과일 케이크','1호 사이즈의 바닐라 시트에 딸기생크림 필링을 더한 과일 케이크입니다.','d0d1048e-dbda-43ef-ab38-5a8280259a3e_142.jpg',21000.00,'2025-05-21 04:11:08','2025-05-21 04:11:08',211),(143,1,'바닐라 딸기생크림 1호 레터링 케이크','1호 사이즈의 바닐라 시트에 딸기생크림 필링을 더한 레터링 케이크입니다.','f1919d08-8fb1-480a-b702-25e1c4f06b61_143.jpg',24000.00,'2025-05-21 04:11:08','2025-05-21 04:11:08',212),(144,1,'바닐라 딸기생크림 1호 포토 케이크','1호 사이즈의 바닐라 시트에 딸기생크림 필링을 더한 포토 케이크입니다.','6ecd65cd-4a4e-436d-a1be-439513b8377e_144.jpg',20000.00,'2025-05-21 04:11:08','2025-05-21 04:11:08',213),(145,1,'바닐라 딸기생크림 1호 피규어 케이크','1호 사이즈의 바닐라 시트에 딸기생크림 필링을 더한 피규어 케이크입니다.','31ecc5f0-bed7-44b5-a9d5-4c96f3609b38_145.jpg',27000.00,'2025-05-21 04:11:08','2025-05-21 04:11:08',214),(146,1,'바닐라 딸기생크림 1호 시즌 케이크','1호 사이즈의 바닐라 시트에 딸기생크림 필링을 더한 시즌 케이크입니다.','7f2eae6c-dc45-4e31-9cfc-c09648cc9691_146.jpg',25000.00,'2025-05-21 04:11:08','2025-05-21 04:11:08',215),(147,1,'바닐라 딸기생크림 2호 과일 케이크','2호 사이즈의 바닐라 시트에 딸기생크림 필링을 더한 과일 케이크입니다.','5e1939ca-f77e-4acb-9dad-d82ddacbc87a_147.jpg',30000.00,'2025-05-21 04:11:08','2025-05-21 04:11:08',216),(148,1,'바닐라 딸기생크림 2호 레터링 케이크','2호 사이즈의 바닐라 시트에 딸기생크림 필링을 더한 레터링 케이크입니다.','e89805b1-b4d7-4753-bed1-a574e79b7891_148.jpg',26000.00,'2025-05-21 04:11:08','2025-05-21 04:11:08',217),(149,1,'바닐라 딸기생크림 2호 포토 케이크','2호 사이즈의 바닐라 시트에 딸기생크림 필링을 더한 포토 케이크입니다.','61b132da-d127-403c-a435-48469cb9cbf2_149.jpg',26000.00,'2025-05-21 04:11:08','2025-05-21 04:11:08',218),(150,1,'바닐라 딸기생크림 2호 피규어 케이크','2호 사이즈의 바닐라 시트에 딸기생크림 필링을 더한 피규어 케이크입니다.','5fbe995d-dd67-4213-9bb7-afd112590f3a_150.jpg',26000.00,'2025-05-21 04:11:08','2025-05-21 04:11:08',219),(151,1,'바닐라 딸기생크림 2호 시즌 케이크','2호 사이즈의 바닐라 시트에 딸기생크림 필링을 더한 시즌 케이크입니다.','fb1ae765-edbf-4c7a-87b9-d990282cb66f_151.jpg',20000.00,'2025-05-21 04:11:08','2025-05-21 04:11:08',220),(152,1,'바닐라 딸기생크림 3호 과일 케이크','3호 사이즈의 바닐라 시트에 딸기생크림 필링을 더한 과일 케이크입니다.','bb2d9f77-911d-4ec8-85cd-0a23fe38e821_152.jpg',24000.00,'2025-05-21 04:11:08','2025-05-21 04:11:08',221),(153,1,'바닐라 딸기생크림 3호 레터링 케이크','3호 사이즈의 바닐라 시트에 딸기생크림 필링을 더한 레터링 케이크입니다.','ed2ea8da-4577-4b3f-b9c2-3719752e77d5_153.jpg',27000.00,'2025-05-21 04:11:08','2025-05-21 04:11:08',222),(154,1,'바닐라 딸기생크림 3호 포토 케이크','3호 사이즈의 바닐라 시트에 딸기생크림 필링을 더한 포토 케이크입니다.','b3445ea1-96fe-44a5-ab5f-9a0e4df22240_154.jpg',26000.00,'2025-05-21 04:11:08','2025-05-21 04:11:08',223),(155,1,'바닐라 딸기생크림 3호 피규어 케이크','3호 사이즈의 바닐라 시트에 딸기생크림 필링을 더한 피규어 케이크입니다.','3d4737f2-cbe1-4760-bb82-f1b5e2697444_155.jpg',21000.00,'2025-05-21 04:11:08','2025-05-21 04:11:08',224),(156,1,'바닐라 딸기생크림 3호 시즌 케이크','3호 사이즈의 바닐라 시트에 딸기생크림 필링을 더한 시즌 케이크입니다.','b05ac8b6-4b9e-4c6c-9f2b-03a9cb9c65d1_156.jpg',22000.00,'2025-05-21 04:11:08','2025-05-21 04:11:08',225),(157,1,'바닐라 크림치즈 도시락 과일 케이크','도시락 사이즈의 바닐라 시트에 크림치즈 필링을 더한 과일 케이크입니다.','4bfc9e8c-d194-4b4c-bade-770af8d9763a_157.jpg',20000.00,'2025-05-21 04:11:08','2025-05-21 04:11:08',226),(158,1,'바닐라 크림치즈 도시락 레터링 케이크','도시락 사이즈의 바닐라 시트에 크림치즈 필링을 더한 레터링 케이크입니다.','b80dcd29-4f6f-44e8-87fd-54c5aae00115_158.jpg',30000.00,'2025-05-21 04:11:08','2025-05-21 04:11:08',227),(159,1,'바닐라 크림치즈 도시락 포토 케이크','도시락 사이즈의 바닐라 시트에 크림치즈 필링을 더한 포토 케이크입니다.','dbb56a1a-37d9-4717-8936-969f2a1fa8fe_159.jpg',22000.00,'2025-05-21 04:11:08','2025-05-21 04:11:08',228),(160,1,'바닐라 크림치즈 도시락 피규어 케이크','도시락 사이즈의 바닐라 시트에 크림치즈 필링을 더한 피규어 케이크입니다.','18a00c8e-369d-4fb1-976b-570983698499_160.jpg',21000.00,'2025-05-21 04:11:08','2025-05-21 04:11:08',229),(161,1,'바닐라 크림치즈 도시락 시즌 케이크','도시락 사이즈의 바닐라 시트에 크림치즈 필링을 더한 시즌 케이크입니다.','32754a60-17d6-401e-bbaf-19aa4cc10355_161.jpg',29000.00,'2025-05-21 04:11:08','2025-05-21 04:11:08',230),(162,1,'바닐라 크림치즈 미니 과일 케이크','미니 사이즈의 바닐라 시트에 크림치즈 필링을 더한 과일 케이크입니다.','812c85b5-0717-4664-825a-c580819d5728_162.jpg',28000.00,'2025-05-21 04:11:08','2025-05-21 04:11:08',231),(163,1,'바닐라 크림치즈 미니 레터링 케이크','미니 사이즈의 바닐라 시트에 크림치즈 필링을 더한 레터링 케이크입니다.','baa3323b-0e4c-4a2c-bad2-f81b96cd5293_163.jpg',29000.00,'2025-05-21 04:11:08','2025-05-21 04:11:08',232),(164,1,'바닐라 크림치즈 미니 포토 케이크','미니 사이즈의 바닐라 시트에 크림치즈 필링을 더한 포토 케이크입니다.','e4dbd6d0-59fa-4bb3-b3e0-5002f977d15b_164.jpg',22000.00,'2025-05-21 04:11:08','2025-05-21 04:11:08',233),(165,1,'바닐라 크림치즈 미니 피규어 케이크','미니 사이즈의 바닐라 시트에 크림치즈 필링을 더한 피규어 케이크입니다.','41a82655-d6e8-4eb3-bf02-aec21338348c_165.jpg',20000.00,'2025-05-21 04:11:08','2025-05-21 04:11:08',234),(166,1,'바닐라 크림치즈 미니 시즌 케이크','미니 사이즈의 바닐라 시트에 크림치즈 필링을 더한 시즌 케이크입니다.','96108b86-cc78-4c57-910a-407174619b3f_166.jpg',21000.00,'2025-05-21 04:11:08','2025-05-21 04:11:08',235),(167,1,'바닐라 크림치즈 1호 과일 케이크','1호 사이즈의 바닐라 시트에 크림치즈 필링을 더한 과일 케이크입니다.','df27b61c-e9e5-477e-9098-c8629e5863b8_167.jpg',29000.00,'2025-05-21 04:11:08','2025-05-21 04:11:08',236),(168,1,'바닐라 크림치즈 1호 레터링 케이크','1호 사이즈의 바닐라 시트에 크림치즈 필링을 더한 레터링 케이크입니다.','3c226dd8-da09-401b-b851-57d9b56428d2_168.jpg',25000.00,'2025-05-21 04:11:08','2025-05-21 04:11:08',237),(169,1,'바닐라 크림치즈 1호 포토 케이크','1호 사이즈의 바닐라 시트에 크림치즈 필링을 더한 포토 케이크입니다.','09ca3536-600f-4594-b6e8-11028f29ff6a_169.jpg',25000.00,'2025-05-21 04:11:08','2025-05-21 04:11:08',238),(170,1,'바닐라 크림치즈 1호 피규어 케이크','1호 사이즈의 바닐라 시트에 크림치즈 필링을 더한 피규어 케이크입니다.','70e77c44-feb2-423c-b933-0230d66037d5_170.jpg',28000.00,'2025-05-21 04:11:08','2025-05-21 04:11:08',239),(171,1,'바닐라 크림치즈 1호 시즌 케이크','1호 사이즈의 바닐라 시트에 크림치즈 필링을 더한 시즌 케이크입니다.','5c851f04-1e30-4ec6-93d7-2530a55363c4_171.jpg',22000.00,'2025-05-21 04:11:08','2025-05-21 04:11:08',240),(172,1,'바닐라 크림치즈 2호 과일 케이크','2호 사이즈의 바닐라 시트에 크림치즈 필링을 더한 과일 케이크입니다.','08e31fa5-1125-4e13-a8d6-e1a406855939_172.jpg',30000.00,'2025-05-21 04:11:08','2025-05-21 04:11:08',241),(173,1,'바닐라 크림치즈 2호 레터링 케이크','2호 사이즈의 바닐라 시트에 크림치즈 필링을 더한 레터링 케이크입니다.','0bfa01e5-0420-48eb-a687-d1f286365b33_173.jpg',22000.00,'2025-05-21 04:11:08','2025-05-21 04:11:08',242),(174,1,'바닐라 크림치즈 2호 포토 케이크','2호 사이즈의 바닐라 시트에 크림치즈 필링을 더한 포토 케이크입니다.','cfcf6d67-d8f7-4467-92f2-a25164bdf107_174.jpg',30000.00,'2025-05-21 04:11:08','2025-05-21 04:11:08',243),(175,1,'바닐라 크림치즈 2호 피규어 케이크','2호 사이즈의 바닐라 시트에 크림치즈 필링을 더한 피규어 케이크입니다.','0c0f04a8-b139-47be-a9ef-ce48c1746ef4_175.jpg',27000.00,'2025-05-21 04:11:08','2025-05-21 04:11:08',244),(176,1,'바닐라 크림치즈 2호 시즌 케이크','2호 사이즈의 바닐라 시트에 크림치즈 필링을 더한 시즌 케이크입니다.','684baead-7071-403f-a612-80e4aa02d74c_176.jpg',30000.00,'2025-05-21 04:11:08','2025-05-21 04:11:08',245),(177,1,'바닐라 크림치즈 3호 과일 케이크','3호 사이즈의 바닐라 시트에 크림치즈 필링을 더한 과일 케이크입니다.','e77dede3-c856-4a5a-8a25-08931903a1fb_177.jpg',28000.00,'2025-05-21 04:11:08','2025-05-21 04:11:08',246),(178,1,'바닐라 크림치즈 3호 레터링 케이크','3호 사이즈의 바닐라 시트에 크림치즈 필링을 더한 레터링 케이크입니다.','2a093bdc-55fb-4493-aa42-0272730a1f09_178.jpg',20000.00,'2025-05-21 04:11:08','2025-05-21 04:11:08',247),(179,1,'바닐라 크림치즈 3호 포토 케이크','3호 사이즈의 바닐라 시트에 크림치즈 필링을 더한 포토 케이크입니다.','ac608a9f-e505-4416-9b21-783719ac04c7_179.jpg',27000.00,'2025-05-21 04:11:08','2025-05-21 04:11:08',248),(180,1,'바닐라 크림치즈 3호 피규어 케이크','3호 사이즈의 바닐라 시트에 크림치즈 필링을 더한 피규어 케이크입니다.','f35918ba-c1c3-4d77-acf7-094d13875595_180.jpg',20000.00,'2025-05-21 04:11:08','2025-05-21 04:11:08',249),(181,1,'바닐라 크림치즈 3호 시즌 케이크','3호 사이즈의 바닐라 시트에 크림치즈 필링을 더한 시즌 케이크입니다.','036c6f91-655b-46fe-a0f8-900cc6aea52d_181.jpg',21000.00,'2025-05-21 04:11:08','2025-05-21 04:11:08',250);
/*!40000 ALTER TABLE `cake` ENABLE KEYS */;
UNLOCK TABLES;

--
-- Table structure for table `cake_filling`
--

DROP TABLE IF EXISTS `cake_filling`;
/*!40101 SET @saved_cs_client     = @@character_set_client */;
/*!50503 SET character_set_client = utf8mb4 */;
CREATE TABLE `cake_filling` (
  `cake_filling_id` int NOT NULL,
  `cake_filling_name` varchar(20) CHARACTER SET utf8mb4 COLLATE utf8mb4_unicode_ci NOT NULL,
  PRIMARY KEY (`cake_filling_id`)
) ENGINE=InnoDB DEFAULT CHARSET=utf8mb4 COLLATE=utf8mb4_unicode_ci;
/*!40101 SET character_set_client = @saved_cs_client */;

--
-- Dumping data for table `cake_filling`
--

LOCK TABLES `cake_filling` WRITE;
/*!40000 ALTER TABLE `cake_filling` DISABLE KEYS */;
INSERT INTO `cake_filling` VALUES (1,'초코'),(2,'오레오'),(3,'생크림'),(4,'딸기생크림'),(5,'크림치즈');
/*!40000 ALTER TABLE `cake_filling` ENABLE KEYS */;
UNLOCK TABLES;

--
-- Table structure for table `cake_sheet`
--

DROP TABLE IF EXISTS `cake_sheet`;
/*!40101 SET @saved_cs_client     = @@character_set_client */;
/*!50503 SET character_set_client = utf8mb4 */;
CREATE TABLE `cake_sheet` (
  `cake_sheet_id` int NOT NULL AUTO_INCREMENT,
  `cake_sheet_name` varchar(50) CHARACTER SET utf8mb4 COLLATE utf8mb4_unicode_ci NOT NULL,
  PRIMARY KEY (`cake_sheet_id`)
) ENGINE=InnoDB AUTO_INCREMENT=3 DEFAULT CHARSET=utf8mb4 COLLATE=utf8mb4_unicode_ci;
/*!40101 SET character_set_client = @saved_cs_client */;

--
-- Dumping data for table `cake_sheet`
--

LOCK TABLES `cake_sheet` WRITE;
/*!40000 ALTER TABLE `cake_sheet` DISABLE KEYS */;
INSERT INTO `cake_sheet` VALUES (1,'초코'),(2,'바닐라');
/*!40000 ALTER TABLE `cake_sheet` ENABLE KEYS */;
UNLOCK TABLES;

--
-- Table structure for table `cake_size`
--

DROP TABLE IF EXISTS `cake_size`;
/*!40101 SET @saved_cs_client     = @@character_set_client */;
/*!50503 SET character_set_client = utf8mb4 */;
CREATE TABLE `cake_size` (
  `cake_size_id` int NOT NULL,
  `cake_size_name` varchar(20) CHARACTER SET utf8mb4 COLLATE utf8mb4_unicode_ci NOT NULL,
  PRIMARY KEY (`cake_size_id`)
) ENGINE=InnoDB DEFAULT CHARSET=utf8mb4 COLLATE=utf8mb4_unicode_ci;
/*!40101 SET character_set_client = @saved_cs_client */;

--
-- Dumping data for table `cake_size`
--

LOCK TABLES `cake_size` WRITE;
/*!40000 ALTER TABLE `cake_size` DISABLE KEYS */;
INSERT INTO `cake_size` VALUES (1,'도시락'),(2,'미니'),(3,'1호'),(4,'2호'),(5,'3호');
/*!40000 ALTER TABLE `cake_size` ENABLE KEYS */;
UNLOCK TABLES;

--
-- Table structure for table `cake_type`
--

DROP TABLE IF EXISTS `cake_type`;
/*!40101 SET @saved_cs_client     = @@character_set_client */;
/*!50503 SET character_set_client = utf8mb4 */;
CREATE TABLE `cake_type` (
  `cake_type_id` int NOT NULL,
  `cake_type_name` varchar(20) CHARACTER SET utf8mb4 COLLATE utf8mb4_unicode_ci NOT NULL,
  PRIMARY KEY (`cake_type_id`)
) ENGINE=InnoDB DEFAULT CHARSET=utf8mb4 COLLATE=utf8mb4_unicode_ci;
/*!40101 SET character_set_client = @saved_cs_client */;

--
-- Dumping data for table `cake_type`
--

LOCK TABLES `cake_type` WRITE;
/*!40000 ALTER TABLE `cake_type` DISABLE KEYS */;
INSERT INTO `cake_type` VALUES (1,'일반'),(2,'레터링'),(3,'포토'),(4,'유아'),(5,'잔치');
/*!40000 ALTER TABLE `cake_type` ENABLE KEYS */;
UNLOCK TABLES;

--
-- Table structure for table `cake_variants`
--

DROP TABLE IF EXISTS `cake_variants`;
/*!40101 SET @saved_cs_client     = @@character_set_client */;
/*!50503 SET character_set_client = utf8mb4 */;
CREATE TABLE `cake_variants` (
  `variant_id` int NOT NULL,
  `cake_sheet_id` int NOT NULL,
  `cake_type_id` int NOT NULL,
  `cake_size_id` int NOT NULL,
  `cake_filling_id` int NOT NULL,
  PRIMARY KEY (`variant_id`),
  KEY `fk_sheet_id` (`cake_sheet_id`),
  KEY `fk_type_id` (`cake_type_id`),
  KEY `fk_size_id` (`cake_size_id`),
  KEY `fk_filling_id` (`cake_filling_id`),
  CONSTRAINT `fk_filling_id` FOREIGN KEY (`cake_filling_id`) REFERENCES `cake_filling` (`cake_filling_id`),
  CONSTRAINT `fk_sheet_id` FOREIGN KEY (`cake_sheet_id`) REFERENCES `cake_sheet` (`cake_sheet_id`),
  CONSTRAINT `fk_size_id` FOREIGN KEY (`cake_size_id`) REFERENCES `cake_size` (`cake_size_id`),
  CONSTRAINT `fk_type_id` FOREIGN KEY (`cake_type_id`) REFERENCES `cake_type` (`cake_type_id`)
) ENGINE=InnoDB DEFAULT CHARSET=utf8mb4 COLLATE=utf8mb4_unicode_ci;
/*!40101 SET character_set_client = @saved_cs_client */;

--
-- Dumping data for table `cake_variants`
--

LOCK TABLES `cake_variants` WRITE;
/*!40000 ALTER TABLE `cake_variants` DISABLE KEYS */;
INSERT INTO `cake_variants` VALUES (1,1,1,1,1),(2,1,1,1,2),(3,1,1,1,3),(4,1,1,1,4),(5,1,1,1,5),(6,1,1,2,1),(7,1,1,2,2),(8,1,1,2,3),(9,1,1,2,4),(10,1,1,2,5),(11,1,1,3,1),(12,1,1,3,2),(13,1,1,3,3),(14,1,1,3,4),(15,1,1,3,5),(16,1,1,4,1),(17,1,1,4,2),(18,1,1,4,3),(19,1,1,4,4),(20,1,1,4,5),(21,1,1,5,1),(22,1,1,5,2),(23,1,1,5,3),(24,1,1,5,4),(25,1,1,5,5),(26,1,2,1,1),(27,1,2,1,2),(28,1,2,1,3),(29,1,2,1,4),(30,1,2,1,5),(31,1,2,2,1),(32,1,2,2,2),(33,1,2,2,3),(34,1,2,2,4),(35,1,2,2,5),(36,1,2,3,1),(37,1,2,3,2),(38,1,2,3,3),(39,1,2,3,4),(40,1,2,3,5),(41,1,2,4,1),(42,1,2,4,2),(43,1,2,4,3),(44,1,2,4,4),(45,1,2,4,5),(46,1,2,5,1),(47,1,2,5,2),(48,1,2,5,3),(49,1,2,5,4),(50,1,2,5,5),(51,1,3,1,1),(52,1,3,1,2),(53,1,3,1,3),(54,1,3,1,4),(55,1,3,1,5),(56,1,3,2,1),(57,1,3,2,2),(58,1,3,2,3),(59,1,3,2,4),(60,1,3,2,5),(61,1,3,3,1),(62,1,3,3,2),(63,1,3,3,3),(64,1,3,3,4),(65,1,3,3,5),(66,1,3,4,1),(67,1,3,4,2),(68,1,3,4,3),(69,1,3,4,4),(70,1,3,4,5),(71,1,3,5,1),(72,1,3,5,2),(73,1,3,5,3),(74,1,3,5,4),(75,1,3,5,5),(76,1,4,1,1),(77,1,4,1,2),(78,1,4,1,3),(79,1,4,1,4),(80,1,4,1,5),(81,1,4,2,1),(82,1,4,2,2),(83,1,4,2,3),(84,1,4,2,4),(85,1,4,2,5),(86,1,4,3,1),(87,1,4,3,2),(88,1,4,3,3),(89,1,4,3,4),(90,1,4,3,5),(91,1,4,4,1),(92,1,4,4,2),(93,1,4,4,3),(94,1,4,4,4),(95,1,4,4,5),(96,1,4,5,1),(97,1,4,5,2),(98,1,4,5,3),(99,1,4,5,4),(100,1,4,5,5),(101,1,5,1,1),(102,1,5,1,2),(103,1,5,1,3),(104,1,5,1,4),(105,1,5,1,5),(106,1,5,2,1),(107,1,5,2,2),(108,1,5,2,3),(109,1,5,2,4),(110,1,5,2,5),(111,1,5,3,1),(112,1,5,3,2),(113,1,5,3,3),(114,1,5,3,4),(115,1,5,3,5),(116,1,5,4,1),(117,1,5,4,2),(118,1,5,4,3),(119,1,5,4,4),(120,1,5,4,5),(121,1,5,5,1),(122,1,5,5,2),(123,1,5,5,3),(124,1,5,5,4),(125,1,5,5,5),(126,2,1,1,1),(127,2,1,1,2),(128,2,1,1,3),(129,2,1,1,4),(130,2,1,1,5),(131,2,1,2,1),(132,2,1,2,2),(133,2,1,2,3),(134,2,1,2,4),(135,2,1,2,5),(136,2,1,3,1),(137,2,1,3,2),(138,2,1,3,3),(139,2,1,3,4),(140,2,1,3,5),(141,2,1,4,1),(142,2,1,4,2),(143,2,1,4,3),(144,2,1,4,4),(145,2,1,4,5),(146,2,1,5,1),(147,2,1,5,2),(148,2,1,5,3),(149,2,1,5,4),(150,2,1,5,5),(151,2,2,1,1),(152,2,2,1,2),(153,2,2,1,3),(154,2,2,1,4),(155,2,2,1,5),(156,2,2,2,1),(157,2,2,2,2),(158,2,2,2,3),(159,2,2,2,4),(160,2,2,2,5),(161,2,2,3,1),(162,2,2,3,2),(163,2,2,3,3),(164,2,2,3,4),(165,2,2,3,5),(166,2,2,4,1),(167,2,2,4,2),(168,2,2,4,3),(169,2,2,4,4),(170,2,2,4,5),(171,2,2,5,1),(172,2,2,5,2),(173,2,2,5,3),(174,2,2,5,4),(175,2,2,5,5),(176,2,3,1,1),(177,2,3,1,2),(178,2,3,1,3),(179,2,3,1,4),(180,2,3,1,5),(181,2,3,2,1),(182,2,3,2,2),(183,2,3,2,3),(184,2,3,2,4),(185,2,3,2,5),(186,2,3,3,1),(187,2,3,3,2),(188,2,3,3,3),(189,2,3,3,4),(190,2,3,3,5),(191,2,3,4,1),(192,2,3,4,2),(193,2,3,4,3),(194,2,3,4,4),(195,2,3,4,5),(196,2,3,5,1),(197,2,3,5,2),(198,2,3,5,3),(199,2,3,5,4),(200,2,3,5,5),(201,2,4,1,1),(202,2,4,1,2),(203,2,4,1,3),(204,2,4,1,4),(205,2,4,1,5),(206,2,4,2,1),(207,2,4,2,2),(208,2,4,2,3),(209,2,4,2,4),(210,2,4,2,5),(211,2,4,3,1),(212,2,4,3,2),(213,2,4,3,3),(214,2,4,3,4),(215,2,4,3,5),(216,2,4,4,1),(217,2,4,4,2),(218,2,4,4,3),(219,2,4,4,4),(220,2,4,4,5),(221,2,4,5,1),(222,2,4,5,2),(223,2,4,5,3),(224,2,4,5,4),(225,2,4,5,5),(226,2,5,1,1),(227,2,5,1,2),(228,2,5,1,3),(229,2,5,1,4),(230,2,5,1,5),(231,2,5,2,1),(232,2,5,2,2),(233,2,5,2,3),(234,2,5,2,4),(235,2,5,2,5),(236,2,5,3,1),(237,2,5,3,2),(238,2,5,3,3),(239,2,5,3,4),(240,2,5,3,5),(241,2,5,4,1),(242,2,5,4,2),(243,2,5,4,3),(244,2,5,4,4),(245,2,5,4,5),(246,2,5,5,1),(247,2,5,5,2),(248,2,5,5,3),(249,2,5,5,4),(250,2,5,5,5);
/*!40000 ALTER TABLE `cake_variants` ENABLE KEYS */;
UNLOCK TABLES;

--
-- Table structure for table `category`
--

DROP TABLE IF EXISTS `category`;
/*!40101 SET @saved_cs_client     = @@character_set_client */;
/*!50503 SET character_set_client = utf8mb4 */;
CREATE TABLE `category` (
  `category_id` int NOT NULL,
  `category_name` varchar(50) CHARACTER SET utf8mb4 COLLATE utf8mb4_unicode_ci NOT NULL,
  PRIMARY KEY (`category_id`)
) ENGINE=InnoDB DEFAULT CHARSET=utf8mb4 COLLATE=utf8mb4_unicode_ci;
/*!40101 SET character_set_client = @saved_cs_client */;

--
-- Dumping data for table `category`
--

LOCK TABLES `category` WRITE;
/*!40000 ALTER TABLE `category` DISABLE KEYS */;
/*!40000 ALTER TABLE `category` ENABLE KEYS */;
UNLOCK TABLES;

--
-- Table structure for table `favorite`
--

DROP TABLE IF EXISTS `favorite`;
/*!40101 SET @saved_cs_client     = @@character_set_client */;
/*!50503 SET character_set_client = utf8mb4 */;
CREATE TABLE `favorite` (
  `user_id` bigint NOT NULL,
  `cake_id` bigint NOT NULL,
  `created_at` datetime NOT NULL,
  PRIMARY KEY (`user_id`,`cake_id`),
  KEY `FK_cake_TO_favorite_1` (`cake_id`),
  CONSTRAINT `FK_cake_TO_favorite_1` FOREIGN KEY (`cake_id`) REFERENCES `cake` (`cake_id`),
  CONSTRAINT `FK_user_TO_favorite_1` FOREIGN KEY (`user_id`) REFERENCES `user` (`user_id`) ON DELETE CASCADE ON UPDATE CASCADE
) ENGINE=InnoDB DEFAULT CHARSET=utf8mb4 COLLATE=utf8mb4_unicode_ci;
/*!40101 SET character_set_client = @saved_cs_client */;

--
-- Dumping data for table `favorite`
--

LOCK TABLES `favorite` WRITE;
/*!40000 ALTER TABLE `favorite` DISABLE KEYS */;
/*!40000 ALTER TABLE `favorite` ENABLE KEYS */;
UNLOCK TABLES;

--
-- Table structure for table `order`
--

DROP TABLE IF EXISTS `order`;
/*!40101 SET @saved_cs_client     = @@character_set_client */;
/*!50503 SET character_set_client = utf8mb4 */;
CREATE TABLE `order` (
  `order_id` int NOT NULL,
  `seller_id` bigint NOT NULL,
  `user_id` bigint NOT NULL,
  `pickup_date` date NOT NULL,
  `pickup_time` time NOT NULL,
  `lettering_message` text CHARACTER SET utf8mb4 COLLATE utf8mb4_unicode_ci,
  `memo` text CHARACTER SET utf8mb4 COLLATE utf8mb4_unicode_ci,
  `sample_img` varchar(255) CHARACTER SET utf8mb4 COLLATE utf8mb4_unicode_ci DEFAULT NULL,
  `order_state` enum('예약','완료','취소','확정','제작중') CHARACTER SET utf8mb4 COLLATE utf8mb4_unicode_ci NOT NULL,
  `total_price` decimal(10,2) NOT NULL,
  `created_at` datetime NOT NULL,
  `updated_at` datetime NOT NULL,
  PRIMARY KEY (`order_id`,`seller_id`,`user_id`),
  KEY `idx_seller_id` (`seller_id`),
  KEY `idx_user_id` (`user_id`),
  CONSTRAINT `FK_shop_TO_order_1` FOREIGN KEY (`seller_id`) REFERENCES `shop` (`owner_id`) ON DELETE CASCADE ON UPDATE CASCADE,
  CONSTRAINT `FK_user_TO_order_1` FOREIGN KEY (`user_id`) REFERENCES `user` (`user_id`) ON DELETE CASCADE ON UPDATE CASCADE
) ENGINE=InnoDB DEFAULT CHARSET=utf8mb4 COLLATE=utf8mb4_unicode_ci;
/*!40101 SET character_set_client = @saved_cs_client */;

--
-- Dumping data for table `order`
--

LOCK TABLES `order` WRITE;
/*!40000 ALTER TABLE `order` DISABLE KEYS */;
/*!40000 ALTER TABLE `order` ENABLE KEYS */;
UNLOCK TABLES;

--
-- Table structure for table `order_detail`
--

DROP TABLE IF EXISTS `order_detail`;
/*!40101 SET @saved_cs_client     = @@character_set_client */;
/*!50503 SET character_set_client = utf8mb4 */;
CREATE TABLE `order_detail` (
  `order_detail_id` int NOT NULL,
  `order_id` int NOT NULL,
  `cake_id` bigint NOT NULL,
  `user_id2` bigint NOT NULL,
  `variant_id` int NOT NULL,
  `quantity` int NOT NULL,
  `price` decimal(10,2) NOT NULL,
  `created_at` datetime NOT NULL,
  PRIMARY KEY (`order_detail_id`,`order_id`,`cake_id`,`user_id2`),
  KEY `FK_order_TO_order_detail_1` (`order_id`),
  KEY `FK_order_TO_order_detail_2` (`user_id2`),
  KEY `FK_cake_TO_order_detail_1` (`cake_id`),
  CONSTRAINT `FK_cake_TO_order_detail_1` FOREIGN KEY (`cake_id`) REFERENCES `cake` (`cake_id`),
  CONSTRAINT `FK_order_TO_order_detail_1` FOREIGN KEY (`order_id`) REFERENCES `order` (`order_id`),
  CONSTRAINT `FK_order_TO_order_detail_2` FOREIGN KEY (`user_id2`) REFERENCES `order` (`user_id`) ON DELETE CASCADE ON UPDATE CASCADE
) ENGINE=InnoDB DEFAULT CHARSET=utf8mb4 COLLATE=utf8mb4_unicode_ci;
/*!40101 SET character_set_client = @saved_cs_client */;

--
-- Dumping data for table `order_detail`
--

LOCK TABLES `order_detail` WRITE;
/*!40000 ALTER TABLE `order_detail` DISABLE KEYS */;
/*!40000 ALTER TABLE `order_detail` ENABLE KEYS */;
UNLOCK TABLES;

--
-- Table structure for table `payment`
--

DROP TABLE IF EXISTS `payment`;
/*!40101 SET @saved_cs_client     = @@character_set_client */;
/*!50503 SET character_set_client = utf8mb4 */;
CREATE TABLE `payment` (
  `payment_id` int NOT NULL,
  `order_id` int NOT NULL,
  `owner_id` bigint NOT NULL,
  `user_id2` bigint NOT NULL,
  `payment_method` enum('카카오페이','무통장입금','카드') CHARACTER SET utf8mb4 COLLATE utf8mb4_unicode_ci NOT NULL,
  `payment_status` enum('대기','완료','환불') CHARACTER SET utf8mb4 COLLATE utf8mb4_unicode_ci NOT NULL,
  `payment_amount` decimal(10,2) NOT NULL,
  PRIMARY KEY (`payment_id`,`order_id`,`owner_id`,`user_id2`),
  KEY `FK_order_TO_payment_1` (`order_id`),
  KEY `FK_order_TO_payment_2` (`owner_id`),
  KEY `FK_order_TO_payment_3` (`user_id2`),
  CONSTRAINT `FK_order_TO_payment_1` FOREIGN KEY (`order_id`) REFERENCES `order` (`order_id`),
  CONSTRAINT `FK_order_TO_payment_2` FOREIGN KEY (`owner_id`) REFERENCES `order` (`seller_id`) ON DELETE CASCADE ON UPDATE CASCADE,
  CONSTRAINT `FK_order_TO_payment_3` FOREIGN KEY (`user_id2`) REFERENCES `order` (`user_id`) ON DELETE CASCADE ON UPDATE CASCADE
) ENGINE=InnoDB DEFAULT CHARSET=utf8mb4 COLLATE=utf8mb4_unicode_ci;
/*!40101 SET character_set_client = @saved_cs_client */;

--
-- Dumping data for table `payment`
--

LOCK TABLES `payment` WRITE;
/*!40000 ALTER TABLE `payment` DISABLE KEYS */;
/*!40000 ALTER TABLE `payment` ENABLE KEYS */;
UNLOCK TABLES;

--
-- Table structure for table `recommendation`
--

DROP TABLE IF EXISTS `recommendation`;
/*!40101 SET @saved_cs_client     = @@character_set_client */;
/*!50503 SET character_set_client = utf8mb4 */;
CREATE TABLE `recommendation` (
  `rec_id` int NOT NULL,
  `user_id` bigint NOT NULL,
  `cake_id` bigint NOT NULL,
  `algorithm_type` enum('CONTENT_BASED','COLLABORATIVE','HYBRID') CHARACTER SET utf8mb4 COLLATE utf8mb4_unicode_ci NOT NULL,
  `created_at` datetime NOT NULL,
  PRIMARY KEY (`rec_id`,`user_id`,`cake_id`),
  KEY `FK_user_TO_recommendation_1` (`user_id`),
  KEY `FK_cake_TO_recommendation_1` (`cake_id`),
  CONSTRAINT `FK_cake_TO_recommendation_1` FOREIGN KEY (`cake_id`) REFERENCES `cake` (`cake_id`),
  CONSTRAINT `FK_user_TO_recommendation_1` FOREIGN KEY (`user_id`) REFERENCES `user` (`user_id`) ON DELETE CASCADE ON UPDATE CASCADE
) ENGINE=InnoDB DEFAULT CHARSET=utf8mb4 COLLATE=utf8mb4_unicode_ci;
/*!40101 SET character_set_client = @saved_cs_client */;

--
-- Dumping data for table `recommendation`
--

LOCK TABLES `recommendation` WRITE;
/*!40000 ALTER TABLE `recommendation` DISABLE KEYS */;
/*!40000 ALTER TABLE `recommendation` ENABLE KEYS */;
UNLOCK TABLES;

--
-- Table structure for table `review`
--

DROP TABLE IF EXISTS `review`;
/*!40101 SET @saved_cs_client     = @@character_set_client */;
/*!50503 SET character_set_client = utf8mb4 */;
CREATE TABLE `review` (
  `review_id` int NOT NULL,
  `user_id` int NOT NULL,
  `cake_id` int NOT NULL,
  `shop_id` int NOT NULL,
  `rating` double NOT NULL,
  `comment` text CHARACTER SET utf8mb4 COLLATE utf8mb4_unicode_ci NOT NULL,
  `created_at` datetime NOT NULL,
  PRIMARY KEY (`review_id`)
) ENGINE=InnoDB DEFAULT CHARSET=utf8mb4 COLLATE=utf8mb4_unicode_ci;
/*!40101 SET character_set_client = @saved_cs_client */;

--
-- Dumping data for table `review`
--

LOCK TABLES `review` WRITE;
/*!40000 ALTER TABLE `review` DISABLE KEYS */;
/*!40000 ALTER TABLE `review` ENABLE KEYS */;
UNLOCK TABLES;

--
-- Table structure for table `shop`
--

DROP TABLE IF EXISTS `shop`;
/*!40101 SET @saved_cs_client     = @@character_set_client */;
/*!50503 SET character_set_client = utf8mb4 */;
CREATE TABLE `shop` (
  `shop_id` int NOT NULL,
  `owner_id` bigint NOT NULL,
  `shop_name` varchar(20) CHARACTER SET utf8mb4 COLLATE utf8mb4_unicode_ci NOT NULL,
  `shop_number` varchar(11) CHARACTER SET utf8mb4 COLLATE utf8mb4_unicode_ci NOT NULL,
  `created_at` datetime NOT NULL,
  `updated_at` datetime NOT NULL,
  PRIMARY KEY (`shop_id`,`owner_id`),
  KEY `idx_owner_id` (`owner_id`),
  CONSTRAINT `FK_user_TO_shop_1` FOREIGN KEY (`owner_id`) REFERENCES `user` (`user_id`) ON DELETE CASCADE ON UPDATE CASCADE
) ENGINE=InnoDB DEFAULT CHARSET=utf8mb4 COLLATE=utf8mb4_unicode_ci;
/*!40101 SET character_set_client = @saved_cs_client */;

--
-- Dumping data for table `shop`
--

LOCK TABLES `shop` WRITE;
/*!40000 ALTER TABLE `shop` DISABLE KEYS */;
/*!40000 ALTER TABLE `shop` ENABLE KEYS */;
UNLOCK TABLES;

--
-- Table structure for table `user`
--

DROP TABLE IF EXISTS `user`;
/*!40101 SET @saved_cs_client     = @@character_set_client */;
/*!50503 SET character_set_client = utf8mb4 */;
CREATE TABLE `user` (
  `user_id` bigint NOT NULL AUTO_INCREMENT,
  `phone_number` varchar(11) CHARACTER SET utf8mb4 COLLATE utf8mb4_unicode_ci NOT NULL,
  `favorite_area` varchar(5) CHARACTER SET utf8mb4 COLLATE utf8mb4_unicode_ci NOT NULL,
  `nickname` varchar(20) CHARACTER SET utf8mb4 COLLATE utf8mb4_unicode_ci NOT NULL,
  `profile_img` varchar(255) CHARACTER SET utf8mb4 COLLATE utf8mb4_unicode_ci DEFAULT NULL,
  `user_name` varchar(20) CHARACTER SET utf8mb4 COLLATE utf8mb4_unicode_ci NOT NULL,
  `created_at` datetime NOT NULL,
  `updated_at` datetime NOT NULL,
  `user_type` varchar(255) CHARACTER SET utf8mb4 COLLATE utf8mb4_unicode_ci DEFAULT NULL,
  PRIMARY KEY (`user_id`)
) ENGINE=InnoDB AUTO_INCREMENT=25 DEFAULT CHARSET=utf8mb4 COLLATE=utf8mb4_unicode_ci;
/*!40101 SET character_set_client = @saved_cs_client */;

--
-- Dumping data for table `user`
--

LOCK TABLES `user` WRITE;
/*!40000 ALTER TABLE `user` DISABLE KEYS */;
INSERT INTO `user` VALUES (1,'01012345678','서울','test',NULL,'테스트유저','2025-05-20 15:42:31','2025-05-20 15:42:31',NULL),(2,'01012345678','청주 ','김진서','','익명','2025-04-23 17:59:03','2025-04-23 17:59:03','owner'),(3,'01012345678','경기','ㅔ스트','','익명','2025-04-24 12:42:24','2025-04-24 12:42:24','customer'),(4,'01012345678','청주','123','','익명','2025-04-24 14:28:21','2025-04-24 14:28:21','customer'),(5,'01012345678','대전','123','','익명','2025-04-24 14:35:58','2025-04-24 14:35:58','owner'),(6,'01012345678','대전','ㅁㄴㅇㅇㅁㄴ','','익명','2025-04-25 12:43:11','2025-04-25 12:43:11','customer'),(7,'01012345678','청주','ㅏㅓㅗㅏㅓㅗ횻','','익명','2025-04-25 13:06:54','2025-04-25 13:06:54','owner'),(8,'01012345678','경기','123','','익명','2025-05-14 13:52:27','2025-05-14 13:52:27','seller'),(9,'01012345678','대전','123','','익명','2025-05-14 14:10:55','2025-05-14 14:10:55','seller'),(10,'01012345678','부산','123','','익명','2025-05-14 14:22:36','2025-05-14 14:22:36','seller'),(11,'01012345678','경기','제발돼라','','익명','2025-05-14 14:26:34','2025-05-14 14:26:34','seller'),(12,'01012345678','부산','123','','익명','2025-05-14 14:38:37','2025-05-14 14:38:37','seller'),(13,'01012345678','대전','123','','익명','2025-05-14 15:21:21','2025-05-14 15:21:21','seller'),(14,'01012345678','경기','123','','익명','2025-05-19 18:42:11','2025-05-19 18:42:11','seller'),(15,'01012345678','부산','123123','','익명','2025-05-19 18:57:05','2025-05-19 18:57:05','seller'),(16,'01012345678','대구','123','','익명','2025-05-19 19:11:21','2025-05-19 19:11:21','seller'),(17,'01012345678','부산','dd','','익명','2025-05-19 19:11:56','2025-05-19 19:11:56','seller'),(18,'01012345678','대전','123123','','익명','2025-05-19 19:15:22','2025-05-19 19:15:22','seller'),(19,'01012345678','부산','dd','','익명','2025-05-19 19:23:11','2025-05-19 19:23:11','seller'),(20,'01012345678','부산','123','','익명','2025-05-20 14:28:10','2025-05-20 14:28:10','seller'),(21,'01012345678','대전','3','','익명','2025-05-20 14:29:28','2025-05-20 14:29:28','seller'),(22,'01012345678','부산','123','','익명','2025-05-20 14:57:53','2025-05-20 14:57:53','seller'),(23,'01012345678','부산','123','','익명','2025-05-20 15:21:47','2025-05-20 15:21:47','seller'),(24,'01012345678','대전','ㅈ312','','익명','2025-05-20 15:24:27','2025-05-20 15:24:27','seller');
/*!40000 ALTER TABLE `user` ENABLE KEYS */;
UNLOCK TABLES;

--
-- Table structure for table `user_role`
--

DROP TABLE IF EXISTS `user_role`;
/*!40101 SET @saved_cs_client     = @@character_set_client */;
/*!50503 SET character_set_client = utf8mb4 */;
CREATE TABLE `user_role` (
  `user_id` bigint NOT NULL,
  `role` enum('USER','OWNER') CHARACTER SET utf8mb4 COLLATE utf8mb4_unicode_ci NOT NULL,
  `create_at` datetime NOT NULL,
  `update_at` datetime NOT NULL,
  PRIMARY KEY (`user_id`),
  CONSTRAINT `FK_user_TO_user_role_1` FOREIGN KEY (`user_id`) REFERENCES `user` (`user_id`) ON DELETE CASCADE ON UPDATE CASCADE
) ENGINE=InnoDB DEFAULT CHARSET=utf8mb4 COLLATE=utf8mb4_unicode_ci;
/*!40101 SET character_set_client = @saved_cs_client */;

--
-- Dumping data for table `user_role`
--

LOCK TABLES `user_role` WRITE;
/*!40000 ALTER TABLE `user_role` DISABLE KEYS */;
/*!40000 ALTER TABLE `user_role` ENABLE KEYS */;
UNLOCK TABLES;

--
-- Table structure for table `user_selected_cake`
--

DROP TABLE IF EXISTS `user_selected_cake`;
/*!40101 SET @saved_cs_client     = @@character_set_client */;
/*!50503 SET character_set_client = utf8mb4 */;
CREATE TABLE `user_selected_cake` (
  `user_id` bigint NOT NULL,
  `variant_id` int NOT NULL,
  PRIMARY KEY (`user_id`,`variant_id`),
  KEY `variant_id` (`variant_id`),
  CONSTRAINT `user_selected_cake_ibfk_1` FOREIGN KEY (`user_id`) REFERENCES `user` (`user_id`) ON DELETE CASCADE ON UPDATE CASCADE,
  CONSTRAINT `user_selected_cake_ibfk_2` FOREIGN KEY (`variant_id`) REFERENCES `cake_variants` (`variant_id`) ON DELETE CASCADE ON UPDATE CASCADE
) ENGINE=InnoDB DEFAULT CHARSET=utf8mb4 COLLATE=utf8mb4_0900_ai_ci;
/*!40101 SET character_set_client = @saved_cs_client */;

--
-- Dumping data for table `user_selected_cake`
--

LOCK TABLES `user_selected_cake` WRITE;
/*!40000 ALTER TABLE `user_selected_cake` DISABLE KEYS */;
INSERT INTO `user_selected_cake` VALUES (2,1),(3,1),(4,1),(5,1),(6,1),(7,1),(8,1),(9,1),(10,1),(11,1),(12,1),(13,1),(14,1),(15,1),(16,1),(17,1),(18,1),(19,1),(23,1),(2,2),(4,2),(5,2),(6,2),(7,2),(14,2),(15,2),(16,2),(17,2),(18,2),(19,2),(23,2),(8,6),(12,7),(12,10),(4,14),(8,14),(8,17),(7,23),(9,23),(16,24),(20,28),(9,34),(10,34),(7,35),(14,37),(12,41),(19,50),(17,51),(17,55),(12,61),(17,63),(21,64),(4,66),(19,66),(10,67),(5,68),(12,71),(24,71),(20,75),(11,76),(23,76),(5,83),(9,87),(10,88),(16,90),(22,94),(9,95),(21,96),(16,97),(3,99),(7,99),(4,106),(6,106),(12,106),(15,106),(8,107),(13,107),(15,108),(22,108),(23,108),(9,112),(18,114),(23,114),(14,115),(24,115),(14,116),(23,116),(11,117),(8,120),(11,120),(21,122),(18,123),(24,123),(4,125),(24,125),(6,127),(19,127),(8,130),(3,137),(5,137),(9,143),(15,147),(3,149),(2,150),(8,154),(11,154),(23,160),(2,164),(21,170),(18,171),(16,174),(18,175),(13,184),(5,187),(16,187),(12,190),(20,190),(4,192),(3,194),(24,194),(11,197),(20,206),(6,207),(13,210),(22,212),(24,213),(19,215),(22,218),(2,223),(18,223),(13,228),(24,228),(2,232),(18,234),(23,235),(23,244),(4,245),(15,250);
/*!40000 ALTER TABLE `user_selected_cake` ENABLE KEYS */;
UNLOCK TABLES;
/*!40103 SET TIME_ZONE=@OLD_TIME_ZONE */;

/*!40101 SET SQL_MODE=@OLD_SQL_MODE */;
/*!40014 SET FOREIGN_KEY_CHECKS=@OLD_FOREIGN_KEY_CHECKS */;
/*!40014 SET UNIQUE_CHECKS=@OLD_UNIQUE_CHECKS */;
/*!40101 SET CHARACTER_SET_CLIENT=@OLD_CHARACTER_SET_CLIENT */;
/*!40101 SET CHARACTER_SET_RESULTS=@OLD_CHARACTER_SET_RESULTS */;
/*!40101 SET COLLATION_CONNECTION=@OLD_COLLATION_CONNECTION */;
/*!40111 SET SQL_NOTES=@OLD_SQL_NOTES */;

-- Dump completed on 2025-05-21  5:32:21
